-- StreamFlix Comprehensive Seed Data Script (40 Users Matrix)
USE subscription_billing;
SET FOREIGN_KEY_CHECKS = 0;

-- ============================================================================
-- 1. USER TABLE (40 Customer Users, IDs 4 to 43)
-- ============================================================================
INSERT INTO user (user_id, full_name, email, password_hash, role, status, created_at, updated_at) VALUES
(4, 'Customer 1', 'customer1@example.com', '$2a$10$kmhQ2CwcOGtN9Jay58BpWOIyAq81UkWf2GhHSh87hUJ8.bZ40wowC', 'CUSTOMER', 'ACTIVE', '2025-01-01 10:00:00', '2025-01-01 10:00:00'),
(5, 'Customer 2', 'customer2@example.com', '$2a$10$kmhQ2CwcOGtN9Jay58BpWOIyAq81UkWf2GhHSh87hUJ8.bZ40wowC', 'CUSTOMER', 'ACTIVE', '2025-01-01 10:00:00', '2025-01-01 10:00:00'),
(6, 'Customer 3', 'customer3@example.com', '$2a$10$kmhQ2CwcOGtN9Jay58BpWOIyAq81UkWf2GhHSh87hUJ8.bZ40wowC', 'CUSTOMER', 'ACTIVE', '2025-01-01 10:00:00', '2025-01-01 10:00:00'),
(7, 'Customer 4', 'customer4@example.com', '$2a$10$kmhQ2CwcOGtN9Jay58BpWOIyAq81UkWf2GhHSh87hUJ8.bZ40wowC', 'CUSTOMER', 'ACTIVE', '2025-01-01 10:00:00', '2025-01-01 10:00:00'),
(8, 'Customer 5', 'customer5@example.com', '$2a$10$kmhQ2CwcOGtN9Jay58BpWOIyAq81UkWf2GhHSh87hUJ8.bZ40wowC', 'CUSTOMER', 'ACTIVE', '2025-01-01 10:00:00', '2025-01-01 10:00:00'),
(9, 'Customer 6', 'customer6@example.com', '$2a$10$kmhQ2CwcOGtN9Jay58BpWOIyAq81UkWf2GhHSh87hUJ8.bZ40wowC', 'CUSTOMER', 'ACTIVE', '2025-01-01 10:00:00', '2025-01-01 10:00:00'),
(10, 'Customer 7', 'customer7@example.com', '$2a$10$kmhQ2CwcOGtN9Jay58BpWOIyAq81UkWf2GhHSh87hUJ8.bZ40wowC', 'CUSTOMER', 'ACTIVE', '2025-01-01 10:00:00', '2025-01-01 10:00:00'),
(11, 'Customer 8', 'customer8@example.com', '$2a$10$kmhQ2CwcOGtN9Jay58BpWOIyAq81UkWf2GhHSh87hUJ8.bZ40wowC', 'CUSTOMER', 'ACTIVE', '2025-01-01 10:00:00', '2025-01-01 10:00:00'),
(12, 'Customer 9', 'customer9@example.com', '$2a$10$kmhQ2CwcOGtN9Jay58BpWOIyAq81UkWf2GhHSh87hUJ8.bZ40wowC', 'CUSTOMER', 'ACTIVE', '2025-01-01 10:00:00', '2025-01-01 10:00:00'),
(13, 'Customer 10', 'customer10@example.com', '$2a$10$kmhQ2CwcOGtN9Jay58BpWOIyAq81UkWf2GhHSh87hUJ8.bZ40wowC', 'CUSTOMER', 'ACTIVE', '2025-01-01 10:00:00', '2025-01-01 10:00:00'),
(14, 'Customer 11', 'customer11@example.com', '$2a$10$kmhQ2CwcOGtN9Jay58BpWOIyAq81UkWf2GhHSh87hUJ8.bZ40wowC', 'CUSTOMER', 'ACTIVE', '2025-01-01 10:00:00', '2025-01-01 10:00:00'),
(15, 'Customer 12', 'customer12@example.com', '$2a$10$kmhQ2CwcOGtN9Jay58BpWOIyAq81UkWf2GhHSh87hUJ8.bZ40wowC', 'CUSTOMER', 'ACTIVE', '2025-01-01 10:00:00', '2025-01-01 10:00:00'),
(16, 'Customer 13', 'customer13@example.com', '$2a$10$kmhQ2CwcOGtN9Jay58BpWOIyAq81UkWf2GhHSh87hUJ8.bZ40wowC', 'CUSTOMER', 'ACTIVE', '2025-01-01 10:00:00', '2025-01-01 10:00:00'),
(17, 'Customer 14', 'customer14@example.com', '$2a$10$kmhQ2CwcOGtN9Jay58BpWOIyAq81UkWf2GhHSh87hUJ8.bZ40wowC', 'CUSTOMER', 'ACTIVE', '2025-01-01 10:00:00', '2025-01-01 10:00:00'),
(18, 'Customer 15', 'customer15@example.com', '$2a$10$kmhQ2CwcOGtN9Jay58BpWOIyAq81UkWf2GhHSh87hUJ8.bZ40wowC', 'CUSTOMER', 'ACTIVE', '2025-01-01 10:00:00', '2025-01-01 10:00:00'),
(19, 'Customer 16', 'customer16@example.com', '$2a$10$kmhQ2CwcOGtN9Jay58BpWOIyAq81UkWf2GhHSh87hUJ8.bZ40wowC', 'CUSTOMER', 'ACTIVE', '2025-01-01 10:00:00', '2025-01-01 10:00:00'),
(20, 'Customer 17', 'customer17@example.com', '$2a$10$kmhQ2CwcOGtN9Jay58BpWOIyAq81UkWf2GhHSh87hUJ8.bZ40wowC', 'CUSTOMER', 'ACTIVE', '2025-01-01 10:00:00', '2025-01-01 10:00:00'),
(21, 'Customer 18', 'customer18@example.com', '$2a$10$kmhQ2CwcOGtN9Jay58BpWOIyAq81UkWf2GhHSh87hUJ8.bZ40wowC', 'CUSTOMER', 'ACTIVE', '2025-01-01 10:00:00', '2025-01-01 10:00:00'),
(22, 'Customer 19', 'customer19@example.com', '$2a$10$kmhQ2CwcOGtN9Jay58BpWOIyAq81UkWf2GhHSh87hUJ8.bZ40wowC', 'CUSTOMER', 'ACTIVE', '2025-01-01 10:00:00', '2025-01-01 10:00:00'),
(23, 'Customer 20', 'customer20@example.com', '$2a$10$kmhQ2CwcOGtN9Jay58BpWOIyAq81UkWf2GhHSh87hUJ8.bZ40wowC', 'CUSTOMER', 'ACTIVE', '2025-01-01 10:00:00', '2025-01-01 10:00:00'),
(24, 'Customer 21', 'customer21@example.com', '$2a$10$kmhQ2CwcOGtN9Jay58BpWOIyAq81UkWf2GhHSh87hUJ8.bZ40wowC', 'CUSTOMER', 'ACTIVE', '2025-01-01 10:00:00', '2025-01-01 10:00:00'),
(25, 'Customer 22', 'customer22@example.com', '$2a$10$kmhQ2CwcOGtN9Jay58BpWOIyAq81UkWf2GhHSh87hUJ8.bZ40wowC', 'CUSTOMER', 'ACTIVE', '2025-01-01 10:00:00', '2025-01-01 10:00:00'),
(26, 'Customer 23', 'customer23@example.com', '$2a$10$kmhQ2CwcOGtN9Jay58BpWOIyAq81UkWf2GhHSh87hUJ8.bZ40wowC', 'CUSTOMER', 'ACTIVE', '2025-01-01 10:00:00', '2025-01-01 10:00:00'),
(27, 'Customer 24', 'customer24@example.com', '$2a$10$kmhQ2CwcOGtN9Jay58BpWOIyAq81UkWf2GhHSh87hUJ8.bZ40wowC', 'CUSTOMER', 'ACTIVE', '2025-01-01 10:00:00', '2025-01-01 10:00:00'),
(28, 'Customer 25', 'customer25@example.com', '$2a$10$kmhQ2CwcOGtN9Jay58BpWOIyAq81UkWf2GhHSh87hUJ8.bZ40wowC', 'CUSTOMER', 'ACTIVE', '2025-01-01 10:00:00', '2025-01-01 10:00:00'),
(29, 'Customer 26', 'customer26@example.com', '$2a$10$kmhQ2CwcOGtN9Jay58BpWOIyAq81UkWf2GhHSh87hUJ8.bZ40wowC', 'CUSTOMER', 'ACTIVE', '2026-04-10 10:00:00', '2026-04-10 10:00:00'),
(30, 'Customer 27', 'customer27@example.com', '$2a$10$kmhQ2CwcOGtN9Jay58BpWOIyAq81UkWf2GhHSh87hUJ8.bZ40wowC', 'CUSTOMER', 'ACTIVE', '2026-04-10 10:00:00', '2026-04-10 10:00:00'),
(31, 'Customer 28', 'customer28@example.com', '$2a$10$kmhQ2CwcOGtN9Jay58BpWOIyAq81UkWf2GhHSh87hUJ8.bZ40wowC', 'CUSTOMER', 'ACTIVE', '2026-04-10 10:00:00', '2026-04-10 10:00:00'),
(32, 'Customer 29', 'customer29@example.com', '$2a$10$kmhQ2CwcOGtN9Jay58BpWOIyAq81UkWf2GhHSh87hUJ8.bZ40wowC', 'CUSTOMER', 'ACTIVE', '2026-04-10 10:00:00', '2026-04-10 10:00:00'),
(33, 'Customer 30', 'customer30@example.com', '$2a$10$kmhQ2CwcOGtN9Jay58BpWOIyAq81UkWf2GhHSh87hUJ8.bZ40wowC', 'CUSTOMER', 'ACTIVE', '2026-04-10 10:00:00', '2026-04-10 10:00:00'),
(34, 'Customer 31', 'customer31@example.com', '$2a$10$kmhQ2CwcOGtN9Jay58BpWOIyAq81UkWf2GhHSh87hUJ8.bZ40wowC', 'CUSTOMER', 'ACTIVE', '2026-04-10 10:00:00', '2026-04-10 10:00:00'),
(35, 'Customer 32', 'customer32@example.com', '$2a$10$kmhQ2CwcOGtN9Jay58BpWOIyAq81UkWf2GhHSh87hUJ8.bZ40wowC', 'CUSTOMER', 'ACTIVE', '2026-04-10 10:00:00', '2026-04-10 10:00:00'),
(36, 'Customer 33', 'customer33@example.com', '$2a$10$kmhQ2CwcOGtN9Jay58BpWOIyAq81UkWf2GhHSh87hUJ8.bZ40wowC', 'CUSTOMER', 'ACTIVE', '2026-04-10 10:00:00', '2026-04-10 10:00:00'),
(37, 'Customer 34', 'customer34@example.com', '$2a$10$kmhQ2CwcOGtN9Jay58BpWOIyAq81UkWf2GhHSh87hUJ8.bZ40wowC', 'CUSTOMER', 'ACTIVE', '2026-04-10 10:00:00', '2026-04-10 10:00:00'),
(38, 'Customer 35', 'customer35@example.com', '$2a$10$kmhQ2CwcOGtN9Jay58BpWOIyAq81UkWf2GhHSh87hUJ8.bZ40wowC', 'CUSTOMER', 'ACTIVE', '2026-04-10 10:00:00', '2026-04-10 10:00:00'),
(39, 'Customer 36', 'customer36@example.com', '$2a$10$kmhQ2CwcOGtN9Jay58BpWOIyAq81UkWf2GhHSh87hUJ8.bZ40wowC', 'CUSTOMER', 'ACTIVE', '2026-04-10 10:00:00', '2026-04-10 10:00:00'),
(40, 'Customer 37', 'customer37@example.com', '$2a$10$kmhQ2CwcOGtN9Jay58BpWOIyAq81UkWf2GhHSh87hUJ8.bZ40wowC', 'CUSTOMER', 'ACTIVE', '2026-04-10 10:00:00', '2026-04-10 10:00:00'),
(41, 'Customer 38', 'customer38@example.com', '$2a$10$kmhQ2CwcOGtN9Jay58BpWOIyAq81UkWf2GhHSh87hUJ8.bZ40wowC', 'CUSTOMER', 'ACTIVE', '2026-04-10 10:00:00', '2026-04-10 10:00:00'),
(42, 'Customer 39', 'customer39@example.com', '$2a$10$kmhQ2CwcOGtN9Jay58BpWOIyAq81UkWf2GhHSh87hUJ8.bZ40wowC', 'CUSTOMER', 'ACTIVE', '2026-04-10 10:00:00', '2026-04-10 10:00:00'),
(43, 'Customer 40', 'customer40@example.com', '$2a$10$kmhQ2CwcOGtN9Jay58BpWOIyAq81UkWf2GhHSh87hUJ8.bZ40wowC', 'CUSTOMER', 'ACTIVE', '2026-04-10 10:00:00', '2026-04-10 10:00:00');

-- ============================================================================
-- 2. CUSTOMER TABLE (40 Customers, IDs 1 to 40)
-- ============================================================================
INSERT INTO customer (customer_id, user_id, phone, currency, country, state, city, address_line1, postal_code, credit_balance_minor, status, created_at, updated_at) VALUES
(1, 4, '+1234567890', 'INR', 'IN', 'State', 'City', 'Address 1', '10001', 0, 'ACTIVE', '2025-01-01 10:00:00', '2025-01-01 10:00:00'),
(2, 5, '+1234567890', 'INR', 'IN', 'State', 'City', 'Address 2', '10001', 0, 'ACTIVE', '2025-01-01 10:00:00', '2025-01-01 10:00:00'),
(3, 6, '+1234567890', 'INR', 'IN', 'State', 'City', 'Address 3', '10001', 0, 'ACTIVE', '2025-01-01 10:00:00', '2025-01-01 10:00:00'),
(4, 7, '+1234567890', 'INR', 'IN', 'State', 'City', 'Address 4', '10001', 0, 'ACTIVE', '2025-01-01 10:00:00', '2025-01-01 10:00:00'),
(5, 8, '+1234567890', 'INR', 'IN', 'State', 'City', 'Address 5', '10001', 0, 'ACTIVE', '2025-01-01 10:00:00', '2025-01-01 10:00:00'),
(6, 9, '+1234567890', 'INR', 'IN', 'State', 'City', 'Address 6', '10001', 0, 'ACTIVE', '2025-01-01 10:00:00', '2025-01-01 10:00:00'),
(7, 10, '+1234567890', 'USD', 'US', 'State', 'City', 'Address 7', '10001', 0, 'ACTIVE', '2025-01-01 10:00:00', '2025-01-01 10:00:00'),
(8, 11, '+1234567890', 'USD', 'US', 'State', 'City', 'Address 8', '10001', 0, 'ACTIVE', '2025-01-01 10:00:00', '2025-01-01 10:00:00'),
(9, 12, '+1234567890', 'USD', 'US', 'State', 'City', 'Address 9', '10001', 0, 'ACTIVE', '2025-01-01 10:00:00', '2025-01-01 10:00:00'),
(10, 13, '+1234567890', 'USD', 'US', 'State', 'City', 'Address 10', '10001', 0, 'ACTIVE', '2025-01-01 10:00:00', '2025-01-01 10:00:00'),
(11, 14, '+1234567890', 'USD', 'US', 'State', 'City', 'Address 11', '10001', 0, 'ACTIVE', '2025-01-01 10:00:00', '2025-01-01 10:00:00'),
(12, 15, '+1234567890', 'USD', 'US', 'State', 'City', 'Address 12', '10001', 0, 'ACTIVE', '2025-01-01 10:00:00', '2025-01-01 10:00:00'),
(13, 16, '+1234567890', 'USD', 'US', 'State', 'City', 'Address 13', '10001', 0, 'ACTIVE', '2025-01-01 10:00:00', '2025-01-01 10:00:00'),
(14, 17, '+1234567890', 'USD', 'US', 'State', 'City', 'Address 14', '10001', 0, 'ACTIVE', '2025-01-01 10:00:00', '2025-01-01 10:00:00'),
(15, 18, '+1234567890', 'USD', 'US', 'State', 'City', 'Address 15', '10001', 0, 'ACTIVE', '2025-01-01 10:00:00', '2025-01-01 10:00:00'),
(16, 19, '+1234567890', 'GBP', 'GB', 'State', 'City', 'Address 16', '10001', 0, 'ACTIVE', '2025-01-01 10:00:00', '2025-01-01 10:00:00'),
(17, 20, '+1234567890', 'GBP', 'GB', 'State', 'City', 'Address 17', '10001', 0, 'ACTIVE', '2025-01-01 10:00:00', '2025-01-01 10:00:00'),
(18, 21, '+1234567890', 'GBP', 'GB', 'State', 'City', 'Address 18', '10001', 0, 'ACTIVE', '2025-01-01 10:00:00', '2025-01-01 10:00:00'),
(19, 22, '+1234567890', 'GBP', 'GB', 'State', 'City', 'Address 19', '10001', 0, 'ACTIVE', '2025-01-01 10:00:00', '2025-01-01 10:00:00'),
(20, 23, '+1234567890', 'GBP', 'GB', 'State', 'City', 'Address 20', '10001', 0, 'ACTIVE', '2025-01-01 10:00:00', '2025-01-01 10:00:00'),
(21, 24, '+1234567890', 'INR', 'IN', 'State', 'City', 'Address 21', '10001', 0, 'ACTIVE', '2025-01-01 10:00:00', '2025-01-01 10:00:00'),
(22, 25, '+1234567890', 'INR', 'IN', 'State', 'City', 'Address 22', '10001', 0, 'ACTIVE', '2025-01-01 10:00:00', '2025-01-01 10:00:00'),
(23, 26, '+1234567890', 'USD', 'US', 'State', 'City', 'Address 23', '10001', 0, 'ACTIVE', '2025-01-01 10:00:00', '2025-01-01 10:00:00'),
(24, 27, '+1234567890', 'USD', 'US', 'State', 'City', 'Address 24', '10001', 0, 'ACTIVE', '2025-01-01 10:00:00', '2025-01-01 10:00:00'),
(25, 28, '+1234567890', 'GBP', 'GB', 'State', 'City', 'Address 25', '10001', 0, 'ACTIVE', '2025-01-01 10:00:00', '2025-01-01 10:00:00'),
(26, 29, '+1234567890', 'USD', 'US', 'State', 'City', 'Address 26', '10001', 0, 'ACTIVE', '2026-04-10 10:00:00', '2026-04-10 10:00:00'),
(27, 30, '+1234567890', 'USD', 'US', 'State', 'City', 'Address 27', '10001', 0, 'ACTIVE', '2026-04-10 10:00:00', '2026-04-10 10:00:00'),
(28, 31, '+1234567890', 'USD', 'US', 'State', 'City', 'Address 28', '10001', 0, 'ACTIVE', '2026-04-10 10:00:00', '2026-04-10 10:00:00'),
(29, 32, '+1234567890', 'USD', 'US', 'State', 'City', 'Address 29', '10001', 0, 'ACTIVE', '2026-04-10 10:00:00', '2026-04-10 10:00:00'),
(30, 33, '+1234567890', 'USD', 'US', 'State', 'City', 'Address 30', '10001', 0, 'ACTIVE', '2026-04-10 10:00:00', '2026-04-10 10:00:00'),
(31, 34, '+1234567890', 'USD', 'US', 'State', 'City', 'Address 31', '10001', 0, 'ACTIVE', '2026-04-10 10:00:00', '2026-04-10 10:00:00'),
(32, 35, '+1234567890', 'USD', 'US', 'State', 'City', 'Address 32', '10001', 0, 'ACTIVE', '2026-04-10 10:00:00', '2026-04-10 10:00:00'),
(33, 36, '+1234567890', 'USD', 'US', 'State', 'City', 'Address 33', '10001', 0, 'ACTIVE', '2026-04-10 10:00:00', '2026-04-10 10:00:00'),
(34, 37, '+1234567890', 'USD', 'US', 'State', 'City', 'Address 34', '10001', 0, 'ACTIVE', '2026-04-10 10:00:00', '2026-04-10 10:00:00'),
(35, 38, '+1234567890', 'USD', 'US', 'State', 'City', 'Address 35', '10001', 0, 'ACTIVE', '2026-04-10 10:00:00', '2026-04-10 10:00:00'),
(36, 39, '+1234567890', 'USD', 'US', 'State', 'City', 'Address 36', '10001', 0, 'ACTIVE', '2026-04-10 10:00:00', '2026-04-10 10:00:00'),
(37, 40, '+1234567890', 'USD', 'US', 'State', 'City', 'Address 37', '10001', 0, 'ACTIVE', '2026-04-10 10:00:00', '2026-04-10 10:00:00'),
(38, 41, '+1234567890', 'USD', 'US', 'State', 'City', 'Address 38', '10001', 0, 'ACTIVE', '2026-04-10 10:00:00', '2026-04-10 10:00:00'),
(39, 42, '+1234567890', 'USD', 'US', 'State', 'City', 'Address 39', '10001', 0, 'ACTIVE', '2026-04-10 10:00:00', '2026-04-10 10:00:00'),
(40, 43, '+1234567890', 'USD', 'US', 'State', 'City', 'Address 40', '10001', 0, 'ACTIVE', '2026-04-10 10:00:00', '2026-04-10 10:00:00');

-- ============================================================================
-- 3. PAYMENT_METHOD TABLE (IDs 1 to 40)
-- ============================================================================
INSERT INTO payment_method (payment_method_id, customer_id, payment_type, card_last4, card_brand, gateway_token, is_default, status, created_at) VALUES
(1, 1, 'CARD', '4242', 'Visa', 'tok_1', TRUE, 'ACTIVE', '2025-01-01 10:00:00'),
(2, 2, 'CARD', '4242', 'Visa', 'tok_2', TRUE, 'ACTIVE', '2025-01-01 10:00:00'),
(3, 3, 'CARD', '4242', 'Visa', 'tok_3', TRUE, 'ACTIVE', '2025-01-01 10:00:00'),
(4, 4, 'CARD', '4242', 'Visa', 'tok_4', TRUE, 'ACTIVE', '2025-01-01 10:00:00'),
(5, 5, 'CARD', '4242', 'Visa', 'tok_5', TRUE, 'ACTIVE', '2025-01-01 10:00:00'),
(6, 6, 'CARD', '4242', 'Visa', 'tok_6', TRUE, 'ACTIVE', '2025-01-01 10:00:00'),
(7, 7, 'CARD', '4242', 'Visa', 'tok_7', TRUE, 'ACTIVE', '2025-01-01 10:00:00'),
(8, 8, 'CARD', '4242', 'Visa', 'tok_8', TRUE, 'ACTIVE', '2025-01-01 10:00:00'),
(9, 9, 'CARD', '4242', 'Visa', 'tok_9', TRUE, 'ACTIVE', '2025-01-01 10:00:00'),
(10, 10, 'CARD', '4242', 'Visa', 'tok_10', TRUE, 'ACTIVE', '2025-01-01 10:00:00'),
(11, 11, 'CARD', '4242', 'Visa', 'tok_11', TRUE, 'ACTIVE', '2025-01-01 10:00:00'),
(12, 12, 'CARD', '4242', 'Visa', 'tok_12', TRUE, 'ACTIVE', '2025-01-01 10:00:00'),
(13, 13, 'CARD', '4242', 'Visa', 'tok_13', TRUE, 'ACTIVE', '2025-01-01 10:00:00'),
(14, 14, 'CARD', '4242', 'Visa', 'tok_14', TRUE, 'ACTIVE', '2025-01-01 10:00:00'),
(15, 15, 'CARD', '4242', 'Visa', 'tok_15', TRUE, 'ACTIVE', '2025-01-01 10:00:00'),
(16, 16, 'CARD', '4242', 'Visa', 'tok_16', TRUE, 'ACTIVE', '2025-01-01 10:00:00'),
(17, 17, 'CARD', '4242', 'Visa', 'tok_17', TRUE, 'ACTIVE', '2025-01-01 10:00:00'),
(18, 18, 'CARD', '4242', 'Visa', 'tok_18', TRUE, 'ACTIVE', '2025-01-01 10:00:00'),
(19, 19, 'CARD', '4242', 'Visa', 'tok_19', TRUE, 'ACTIVE', '2025-01-01 10:00:00'),
(20, 20, 'CARD', '4242', 'Visa', 'tok_20', TRUE, 'ACTIVE', '2025-01-01 10:00:00'),
(21, 21, 'CARD', '4242', 'Visa', 'tok_21', TRUE, 'ACTIVE', '2025-01-01 10:00:00'),
(22, 22, 'CARD', '4242', 'Visa', 'tok_22', TRUE, 'ACTIVE', '2025-01-01 10:00:00'),
(23, 23, 'CARD', '4242', 'Visa', 'tok_23', TRUE, 'ACTIVE', '2025-01-01 10:00:00'),
(24, 24, 'CARD', '4242', 'Visa', 'tok_24', TRUE, 'ACTIVE', '2025-01-01 10:00:00'),
(25, 25, 'CARD', '4242', 'Visa', 'tok_25', TRUE, 'ACTIVE', '2025-01-01 10:00:00'),
(26, 26, 'CARD', '4242', 'Visa', 'tok_26', TRUE, 'ACTIVE', '2026-04-10 10:00:00'),
(27, 27, 'CARD', '4242', 'Visa', 'tok_27', TRUE, 'ACTIVE', '2026-04-10 10:00:00'),
(28, 28, 'CARD', '4242', 'Visa', 'tok_28', TRUE, 'ACTIVE', '2026-04-10 10:00:00'),
(29, 29, 'CARD', '4242', 'Visa', 'tok_29', TRUE, 'ACTIVE', '2026-04-10 10:00:00'),
(30, 30, 'CARD', '4242', 'Visa', 'tok_30', TRUE, 'ACTIVE', '2026-04-10 10:00:00'),
(31, 31, 'CARD', '4242', 'Visa', 'tok_31', TRUE, 'ACTIVE', '2026-04-10 10:00:00'),
(32, 32, 'CARD', '4242', 'Visa', 'tok_32', TRUE, 'ACTIVE', '2026-04-10 10:00:00'),
(33, 33, 'CARD', '4242', 'Visa', 'tok_33', TRUE, 'ACTIVE', '2026-04-10 10:00:00'),
(34, 34, 'CARD', '4242', 'Visa', 'tok_34', TRUE, 'ACTIVE', '2026-04-10 10:00:00'),
(35, 35, 'CARD', '4242', 'Visa', 'tok_35', TRUE, 'ACTIVE', '2026-04-10 10:00:00'),
(36, 36, 'CARD', '4242', 'Visa', 'tok_36', TRUE, 'ACTIVE', '2026-04-10 10:00:00'),
(37, 37, 'CARD', '4242', 'Visa', 'tok_37', TRUE, 'ACTIVE', '2026-04-10 10:00:00'),
(38, 38, 'CARD', '4242', 'Visa', 'tok_38', TRUE, 'ACTIVE', '2026-04-10 10:00:00'),
(39, 39, 'CARD', '4242', 'Visa', 'tok_39', TRUE, 'ACTIVE', '2026-04-10 10:00:00'),
(40, 40, 'CARD', '4242', 'Visa', 'tok_40', TRUE, 'ACTIVE', '2026-04-10 10:00:00');

-- ============================================================================
-- 4. SUBSCRIPTION TABLE (55 Subscriptions)
-- ============================================================================
INSERT INTO subscription (subscription_id, customer_id, plan_id, status, start_date, trial_end_date, current_period_start, current_period_end, cancel_at_period_end, canceled_at, payment_method_id, currency, created_at, updated_at) VALUES
(1, 1, 1, 'ACTIVE', '2025-10-01', NULL, '2026-05-01', '2026-06-01', FALSE, NULL, 1, 'INR', '2025-10-01 10:00:00', '2026-05-01 10:00:00'),
(2, 2, 3, 'ACTIVE', '2025-10-01', NULL, '2026-05-01', '2026-06-01', FALSE, NULL, 2, 'INR', '2025-10-01 10:00:00', '2026-05-01 10:00:00'),
(3, 3, 1, 'ACTIVE', '2025-10-01', NULL, '2026-05-01', '2026-06-01', FALSE, NULL, 3, 'INR', '2025-10-01 10:00:00', '2026-05-01 10:00:00'),
(4, 4, 3, 'ACTIVE', '2025-10-01', NULL, '2026-05-01', '2026-06-01', FALSE, NULL, 4, 'INR', '2025-10-01 10:00:00', '2026-05-01 10:00:00'),
(5, 5, 1, 'ACTIVE', '2025-10-01', NULL, '2026-05-01', '2026-06-01', FALSE, NULL, 5, 'INR', '2025-10-01 10:00:00', '2026-05-01 10:00:00'),
(6, 6, 3, 'ACTIVE', '2025-10-01', NULL, '2026-05-01', '2026-06-01', FALSE, NULL, 6, 'INR', '2025-10-01 10:00:00', '2026-05-01 10:00:00'),
(7, 7, 1, 'ACTIVE', '2025-10-01', NULL, '2026-05-01', '2026-06-01', FALSE, NULL, 7, 'USD', '2025-10-01 10:00:00', '2026-05-01 10:00:00'),
(8, 8, 3, 'ACTIVE', '2025-10-01', NULL, '2026-05-01', '2026-06-01', FALSE, NULL, 8, 'USD', '2025-10-01 10:00:00', '2026-05-01 10:00:00'),
(9, 9, 1, 'ACTIVE', '2025-10-01', NULL, '2026-05-01', '2026-06-01', FALSE, NULL, 9, 'USD', '2025-10-01 10:00:00', '2026-05-01 10:00:00'),
(10, 10, 3, 'ACTIVE', '2025-10-01', NULL, '2026-05-01', '2026-06-01', FALSE, NULL, 10, 'USD', '2025-10-01 10:00:00', '2026-05-01 10:00:00'),
(11, 11, 1, 'ACTIVE', '2025-10-01', NULL, '2026-05-01', '2026-06-01', FALSE, NULL, 11, 'USD', '2025-10-01 10:00:00', '2026-05-01 10:00:00'),
(12, 12, 3, 'ACTIVE', '2025-10-01', NULL, '2026-05-01', '2026-06-01', FALSE, NULL, 12, 'USD', '2025-10-01 10:00:00', '2026-05-01 10:00:00'),
(13, 13, 1, 'ACTIVE', '2025-10-01', NULL, '2026-05-01', '2026-06-01', FALSE, NULL, 13, 'USD', '2025-10-01 10:00:00', '2026-05-01 10:00:00'),
(14, 14, 3, 'ACTIVE', '2025-10-01', NULL, '2026-05-01', '2026-06-01', FALSE, NULL, 14, 'USD', '2025-10-01 10:00:00', '2026-05-01 10:00:00'),
(15, 15, 1, 'ACTIVE', '2025-10-01', NULL, '2026-05-01', '2026-06-01', FALSE, NULL, 15, 'USD', '2025-10-01 10:00:00', '2026-05-01 10:00:00'),
(16, 16, 3, 'ACTIVE', '2025-10-01', NULL, '2026-05-01', '2026-06-01', FALSE, NULL, 16, 'GBP', '2025-10-01 10:00:00', '2026-05-01 10:00:00'),
(17, 17, 1, 'CANCELED', '2025-10-01', NULL, '2026-03-01', '2026-04-01', TRUE, '2026-03-15 10:00:00', 17, 'GBP', '2025-10-01 10:00:00', '2026-03-15 10:00:00'),
(18, 18, 1, 'CANCELED', '2025-10-01', NULL, '2026-03-01', '2026-04-01', TRUE, '2026-03-15 10:00:00', 18, 'GBP', '2025-10-01 10:00:00', '2026-03-15 10:00:00'),
(19, 19, 1, 'CANCELED', '2025-10-01', NULL, '2026-03-01', '2026-04-01', TRUE, '2026-03-15 10:00:00', 19, 'GBP', '2025-10-01 10:00:00', '2026-03-15 10:00:00'),
(20, 20, 1, 'CANCELED', '2025-10-01', NULL, '2026-03-01', '2026-04-01', TRUE, '2026-03-15 10:00:00', 20, 'GBP', '2025-10-01 10:00:00', '2026-03-15 10:00:00'),
(21, 21, 3, 'CANCELED', '2026-05-01', NULL, '2026-05-01', '2026-06-01', TRUE, '2026-05-10 10:00:00', 21, 'INR', '2026-05-01 10:00:00', '2026-05-10 10:00:00'),
(22, 22, 3, 'CANCELED', '2026-05-01', NULL, '2026-05-01', '2026-06-01', TRUE, '2026-05-11 10:00:00', 22, 'INR', '2026-05-01 10:00:00', '2026-05-11 10:00:00'),
(23, 23, 3, 'CANCELED', '2026-05-01', NULL, '2026-05-01', '2026-06-01', TRUE, '2026-05-12 10:00:00', 23, 'USD', '2026-05-01 10:00:00', '2026-05-12 10:00:00'),
(24, 24, 3, 'CANCELED', '2026-05-01', NULL, '2026-05-01', '2026-06-01', TRUE, '2026-05-13 10:00:00', 24, 'USD', '2026-05-01 10:00:00', '2026-05-13 10:00:00'),
(25, 25, 3, 'CANCELED', '2026-05-01', NULL, '2026-05-01', '2026-06-01', TRUE, '2026-05-10 10:00:00', 25, 'GBP', '2026-05-01 10:00:00', '2026-05-10 10:00:00'),
(26, 26, 1, 'CANCELED', '2026-04-10', NULL, '2026-05-10', '2026-06-10', TRUE, '2026-05-15 10:00:00', 26, 'USD', '2026-04-10 10:00:00', '2026-05-15 10:00:00'),
(27, 27, 1, 'CANCELED', '2026-04-10', NULL, '2026-05-10', '2026-06-10', TRUE, '2026-05-15 10:00:00', 27, 'USD', '2026-04-10 10:00:00', '2026-05-15 10:00:00'),
(28, 28, 1, 'CANCELED', '2026-04-10', NULL, '2026-05-10', '2026-06-10', TRUE, '2026-05-15 10:00:00', 28, 'USD', '2026-04-10 10:00:00', '2026-05-15 10:00:00'),
(29, 29, 1, 'CANCELED', '2026-04-10', NULL, '2026-05-10', '2026-06-10', TRUE, '2026-05-15 10:00:00', 29, 'USD', '2026-04-10 10:00:00', '2026-05-15 10:00:00'),
(30, 30, 1, 'CANCELED', '2026-04-10', NULL, '2026-05-10', '2026-06-10', TRUE, '2026-05-15 10:00:00', 30, 'USD', '2026-04-10 10:00:00', '2026-05-15 10:00:00'),
(31, 31, 1, 'CANCELED', '2026-04-10', NULL, '2026-05-10', '2026-06-10', TRUE, '2026-05-15 10:00:00', 31, 'USD', '2026-04-10 10:00:00', '2026-05-15 10:00:00'),
(32, 32, 1, 'CANCELED', '2026-04-10', NULL, '2026-05-10', '2026-06-10', TRUE, '2026-05-15 10:00:00', 32, 'USD', '2026-04-10 10:00:00', '2026-05-15 10:00:00'),
(33, 33, 1, 'CANCELED', '2026-04-10', NULL, '2026-05-10', '2026-06-10', TRUE, '2026-05-15 10:00:00', 33, 'USD', '2026-04-10 10:00:00', '2026-05-15 10:00:00'),
(34, 34, 1, 'CANCELED', '2026-04-10', NULL, '2026-05-10', '2026-06-10', TRUE, '2026-05-15 10:00:00', 34, 'USD', '2026-04-10 10:00:00', '2026-05-15 10:00:00'),
(35, 35, 1, 'CANCELED', '2026-04-10', NULL, '2026-05-10', '2026-06-10', TRUE, '2026-05-15 10:00:00', 35, 'USD', '2026-04-10 10:00:00', '2026-05-15 10:00:00'),
(36, 36, 1, 'CANCELED', '2026-04-10', NULL, '2026-05-10', '2026-06-10', TRUE, '2026-05-15 10:00:00', 36, 'USD', '2026-04-10 10:00:00', '2026-05-15 10:00:00'),
(37, 37, 1, 'CANCELED', '2026-04-10', NULL, '2026-05-10', '2026-06-10', TRUE, '2026-05-15 10:00:00', 37, 'USD', '2026-04-10 10:00:00', '2026-05-15 10:00:00'),
(38, 38, 1, 'CANCELED', '2026-04-10', NULL, '2026-05-10', '2026-06-10', TRUE, '2026-05-15 10:00:00', 38, 'USD', '2026-04-10 10:00:00', '2026-05-15 10:00:00'),
(39, 39, 1, 'CANCELED', '2026-04-10', NULL, '2026-05-10', '2026-06-10', TRUE, '2026-05-15 10:00:00', 39, 'USD', '2026-04-10 10:00:00', '2026-05-15 10:00:00'),
(40, 40, 1, 'CANCELED', '2026-04-10', NULL, '2026-05-10', '2026-06-10', TRUE, '2026-05-15 10:00:00', 40, 'USD', '2026-04-10 10:00:00', '2026-05-15 10:00:00'),
(41, 26, 5, 'ACTIVE', '2026-05-15', NULL, '2026-05-15', '2026-06-15', FALSE, NULL, 26, 'USD', '2026-05-15 10:00:00', '2026-05-15 10:00:00'),
(42, 27, 5, 'ACTIVE', '2026-05-15', NULL, '2026-05-15', '2026-06-15', FALSE, NULL, 27, 'USD', '2026-05-15 10:00:00', '2026-05-15 10:00:00'),
(43, 28, 5, 'ACTIVE', '2026-05-15', NULL, '2026-05-15', '2026-06-15', FALSE, NULL, 28, 'USD', '2026-05-15 10:00:00', '2026-05-15 10:00:00'),
(44, 29, 5, 'ACTIVE', '2026-05-15', NULL, '2026-05-15', '2026-06-15', FALSE, NULL, 29, 'USD', '2026-05-15 10:00:00', '2026-05-15 10:00:00'),
(45, 30, 5, 'ACTIVE', '2026-05-15', NULL, '2026-05-15', '2026-06-15', FALSE, NULL, 30, 'USD', '2026-05-15 10:00:00', '2026-05-15 10:00:00'),
(46, 31, 5, 'ACTIVE', '2026-05-15', NULL, '2026-05-15', '2026-06-15', FALSE, NULL, 31, 'USD', '2026-05-15 10:00:00', '2026-05-15 10:00:00'),
(47, 32, 5, 'ACTIVE', '2026-05-15', NULL, '2026-05-15', '2026-06-15', FALSE, NULL, 32, 'USD', '2026-05-15 10:00:00', '2026-05-15 10:00:00'),
(48, 33, 5, 'ACTIVE', '2026-05-15', NULL, '2026-05-15', '2026-06-15', FALSE, NULL, 33, 'USD', '2026-05-15 10:00:00', '2026-05-15 10:00:00'),
(49, 34, 5, 'ACTIVE', '2026-05-15', NULL, '2026-05-15', '2026-06-15', FALSE, NULL, 34, 'USD', '2026-05-15 10:00:00', '2026-05-15 10:00:00'),
(50, 35, 5, 'ACTIVE', '2026-05-15', NULL, '2026-05-15', '2026-06-15', FALSE, NULL, 35, 'USD', '2026-05-15 10:00:00', '2026-05-15 10:00:00'),
(51, 36, 5, 'ACTIVE', '2026-05-15', NULL, '2026-05-15', '2026-06-15', FALSE, NULL, 36, 'USD', '2026-05-15 10:00:00', '2026-05-15 10:00:00'),
(52, 37, 5, 'ACTIVE', '2026-05-15', NULL, '2026-05-15', '2026-06-15', FALSE, NULL, 37, 'USD', '2026-05-15 10:00:00', '2026-05-15 10:00:00'),
(53, 38, 5, 'ACTIVE', '2026-05-15', NULL, '2026-05-15', '2026-06-15', FALSE, NULL, 38, 'USD', '2026-05-15 10:00:00', '2026-05-15 10:00:00'),
(54, 39, 5, 'ACTIVE', '2026-05-15', NULL, '2026-05-15', '2026-06-15', FALSE, NULL, 39, 'USD', '2026-05-15 10:00:00', '2026-05-15 10:00:00'),
(55, 40, 5, 'ACTIVE', '2026-05-15', NULL, '2026-05-15', '2026-06-15', FALSE, NULL, 40, 'USD', '2026-05-15 10:00:00', '2026-05-15 10:00:00');

-- ============================================================================
-- 5. SUBSCRIPTION_ITEM TABLE (55 Items)
-- ============================================================================
INSERT INTO subscription_item (item_id, subscription_id, item_type, plan_id, unit_price_minor, quantity, tax_mode, created_at) VALUES
(1, 1, 'PLAN', 1, 19900, 1, 'INCLUSIVE', '2025-10-01 10:00:00'),
(2, 2, 'PLAN', 3, 49900, 1, 'INCLUSIVE', '2025-10-01 10:00:00'),
(3, 3, 'PLAN', 1, 19900, 1, 'INCLUSIVE', '2025-10-01 10:00:00'),
(4, 4, 'PLAN', 3, 49900, 1, 'INCLUSIVE', '2025-10-01 10:00:00'),
(5, 5, 'PLAN', 1, 19900, 1, 'INCLUSIVE', '2025-10-01 10:00:00'),
(6, 6, 'PLAN', 3, 49900, 1, 'INCLUSIVE', '2025-10-01 10:00:00'),
(7, 7, 'PLAN', 1, 499, 1, 'INCLUSIVE', '2025-10-01 10:00:00'),
(8, 8, 'PLAN', 3, 999, 1, 'INCLUSIVE', '2025-10-01 10:00:00'),
(9, 9, 'PLAN', 1, 499, 1, 'INCLUSIVE', '2025-10-01 10:00:00'),
(10, 10, 'PLAN', 3, 999, 1, 'INCLUSIVE', '2025-10-01 10:00:00'),
(11, 11, 'PLAN', 1, 499, 1, 'INCLUSIVE', '2025-10-01 10:00:00'),
(12, 12, 'PLAN', 3, 999, 1, 'INCLUSIVE', '2025-10-01 10:00:00'),
(13, 13, 'PLAN', 1, 499, 1, 'INCLUSIVE', '2025-10-01 10:00:00'),
(14, 14, 'PLAN', 3, 999, 1, 'INCLUSIVE', '2025-10-01 10:00:00'),
(15, 15, 'PLAN', 1, 499, 1, 'INCLUSIVE', '2025-10-01 10:00:00'),
(16, 16, 'PLAN', 3, 799, 1, 'INCLUSIVE', '2025-10-01 10:00:00'),
(17, 17, 'PLAN', 1, 399, 1, 'INCLUSIVE', '2025-10-01 10:00:00'),
(18, 18, 'PLAN', 1, 399, 1, 'INCLUSIVE', '2025-10-01 10:00:00'),
(19, 19, 'PLAN', 1, 399, 1, 'INCLUSIVE', '2025-10-01 10:00:00'),
(20, 20, 'PLAN', 1, 399, 1, 'INCLUSIVE', '2025-10-01 10:00:00'),
(21, 21, 'PLAN', 3, 49900, 1, 'INCLUSIVE', '2026-05-01 10:00:00'),
(22, 22, 'PLAN', 3, 49900, 1, 'INCLUSIVE', '2026-05-01 10:00:00'),
(23, 23, 'PLAN', 3, 999, 1, 'INCLUSIVE', '2026-05-01 10:00:00'),
(24, 24, 'PLAN', 3, 999, 1, 'INCLUSIVE', '2026-05-01 10:00:00'),
(25, 25, 'PLAN', 3, 799, 1, 'INCLUSIVE', '2026-05-01 10:00:00'),
(26, 26, 'PLAN', 1, 499, 1, 'INCLUSIVE', '2026-04-10 10:00:00'),
(27, 27, 'PLAN', 1, 499, 1, 'INCLUSIVE', '2026-04-10 10:00:00'),
(28, 28, 'PLAN', 1, 499, 1, 'INCLUSIVE', '2026-04-10 10:00:00'),
(29, 29, 'PLAN', 1, 499, 1, 'INCLUSIVE', '2026-04-10 10:00:00'),
(30, 30, 'PLAN', 1, 499, 1, 'INCLUSIVE', '2026-04-10 10:00:00'),
(31, 31, 'PLAN', 1, 499, 1, 'INCLUSIVE', '2026-04-10 10:00:00'),
(32, 32, 'PLAN', 1, 499, 1, 'INCLUSIVE', '2026-04-10 10:00:00'),
(33, 33, 'PLAN', 1, 499, 1, 'INCLUSIVE', '2026-04-10 10:00:00'),
(34, 34, 'PLAN', 1, 499, 1, 'INCLUSIVE', '2026-04-10 10:00:00'),
(35, 35, 'PLAN', 1, 499, 1, 'INCLUSIVE', '2026-04-10 10:00:00'),
(36, 36, 'PLAN', 1, 499, 1, 'INCLUSIVE', '2026-04-10 10:00:00'),
(37, 37, 'PLAN', 1, 499, 1, 'INCLUSIVE', '2026-04-10 10:00:00'),
(38, 38, 'PLAN', 1, 499, 1, 'INCLUSIVE', '2026-04-10 10:00:00'),
(39, 39, 'PLAN', 1, 499, 1, 'INCLUSIVE', '2026-04-10 10:00:00'),
(40, 40, 'PLAN', 1, 499, 1, 'INCLUSIVE', '2026-04-10 10:00:00'),
(41, 41, 'PLAN', 5, 799, 1, 'INCLUSIVE', '2026-05-15 10:00:00'),
(42, 42, 'PLAN', 5, 799, 1, 'INCLUSIVE', '2026-05-15 10:00:00'),
(43, 43, 'PLAN', 5, 799, 1, 'INCLUSIVE', '2026-05-15 10:00:00'),
(44, 44, 'PLAN', 5, 799, 1, 'INCLUSIVE', '2026-05-15 10:00:00'),
(45, 45, 'PLAN', 5, 799, 1, 'INCLUSIVE', '2026-05-15 10:00:00'),
(46, 46, 'PLAN', 5, 799, 1, 'INCLUSIVE', '2026-05-15 10:00:00'),
(47, 47, 'PLAN', 5, 799, 1, 'INCLUSIVE', '2026-05-15 10:00:00'),
(48, 48, 'PLAN', 5, 799, 1, 'INCLUSIVE', '2026-05-15 10:00:00'),
(49, 49, 'PLAN', 5, 799, 1, 'INCLUSIVE', '2026-05-15 10:00:00'),
(50, 50, 'PLAN', 5, 799, 1, 'INCLUSIVE', '2026-05-15 10:00:00'),
(51, 51, 'PLAN', 5, 799, 1, 'INCLUSIVE', '2026-05-15 10:00:00'),
(52, 52, 'PLAN', 5, 799, 1, 'INCLUSIVE', '2026-05-15 10:00:00'),
(53, 53, 'PLAN', 5, 799, 1, 'INCLUSIVE', '2026-05-15 10:00:00'),
(54, 54, 'PLAN', 5, 799, 1, 'INCLUSIVE', '2026-05-15 10:00:00'),
(55, 55, 'PLAN', 5, 799, 1, 'INCLUSIVE', '2026-05-15 10:00:00');

-- ============================================================================
-- 6. SUBSCRIPTION_COUPON TABLE (2 Coupons)
-- ============================================================================
INSERT INTO subscription_coupon (id, subscription_id, coupon_id, applied_at, status) VALUES
(1, 5, 1, '2025-10-01 10:00:00', 'ACTIVE'),
(2, 10, 2, '2025-10-01 10:00:00', 'ACTIVE');

-- ============================================================================
-- 7. REVENUE_SNAPSHOT TABLE (3 Logs)
-- ============================================================================
INSERT INTO revenue_snapshot (snapshot_id, snapshot_date, mrr_minor, arr_minor, arpu_minor, active_customers, new_customers, churned_customers, gross_churn_percent, net_churn_percent, ltv_minor, total_revenue_minor, total_refunds_minor, created_at) VALUES
(1, '2026-05-10', 354000, 4248000, 23600, 16, 0, 0, 0.00, 0.00, 472000, 1000000, 0, '2026-05-10 23:59:00'),
(2, '2026-05-11', 354000, 4248000, 23600, 16, 0, 0, 0.00, 0.00, 472000, 1000000, 0, '2026-05-11 23:59:00'),
(3, '2026-05-12', 354000, 4248000, 23600, 16, 0, 0, 0.00, 0.00, 472000, 1000000, 0, '2026-05-12 23:59:00');

SET FOREIGN_KEY_CHECKS = 1;
-- END OF SEED DATA